InstanceID,Cluster
1,5
2,5
3,5
4,5
5,5
6,5
7,5
8,5
9,5
10,5
11,5
12,5
13,5
14,5
15,5
16,5
17,5
18,5
19,5
20,5
21,5
22,5
23,5
24,5
25,5
26,5
27,5
28,5
29,5
30,5
31,5
32,5
33,5
34,5
35,5
36,5
37,5
38,5
39,5
40,5
41,5
42,5
43,5
44,5
45,5
46,5
47,5
48,5
49,5
50,5
51,5
52,5
53,5
54,5
55,5
56,5
57,5
58,5
59,5
60,5
61,5
62,5
63,5
64,5
65,5
66,5
67,5
68,5
69,5
70,5
71,5
72,5
73,5
74,5
75,5
76,5
77,5
78,5
79,5
80,5
81,5
82,5
83,5
84,5
85,5
86,5
87,5
88,5
89,5
90,5
91,5
92,5
93,5
94,5
95,5
96,5
97,5
98,5
99,5
100,5
101,5
102,5
103,5
104,5
105,5
106,5
107,5
108,5
109,5
110,5
111,5
112,5
113,5
114,5
115,5
116,5
117,5
118,5
119,5
120,5
121,5
122,5
123,5
124,5
125,5
126,5
127,5
128,5
129,5
130,5
131,5
132,5
133,5
134,5
135,5
136,5
137,5
138,5
139,5
140,5
141,5
142,5
143,5
144,5
145,5
146,5
147,5
148,5
149,5
150,5
151,5
152,5
153,5
154,5
155,5
156,3
157,5
158,5
159,5
160,5
161,5
162,5
163,5
164,5
165,5
166,5
167,5
168,5
169,5
170,5
171,5
172,5
173,5
174,5
175,5
176,5
177,5
178,5
179,5
180,5
181,5
182,5
183,5
184,5
185,5
186,5
187,5
188,5
189,5
190,5
191,5
192,5
193,5
194,5
195,5
196,5
197,5
198,5
199,5
200,5
201,5
202,5
203,5
204,5
205,5
206,5
207,5
208,5
209,3
210,5
211,5
212,5
213,5
214,5
215,5
216,5
217,5
218,5
219,5
220,5
221,5
222,5
223,5
224,5
225,5
226,5
227,5
228,3
229,5
230,5
231,5
232,5
233,5
234,5
235,5
236,5
237,5
238,5
239,5
240,5
241,5
242,5
243,5
244,5
245,5
246,5
247,5
248,5
249,5
250,5
251,5
252,5
253,5
254,5
255,5
256,5
257,5
258,5
259,5
260,5
261,5
262,5
263,5
264,5
265,5
266,5
267,5
268,5
269,5
270,5
271,5
272,5
273,5
274,5
275,5
276,5
277,5
278,5
279,5
280,5
281,5
282,5
283,5
284,5
285,5
286,5
287,5
288,5
289,5
290,5
291,5
292,5
293,5
294,5
295,5
296,5
297,5
298,5
299,5
300,5
301,11
302,11
303,11
304,11
305,11
306,11
307,11
308,11
309,11
310,11
311,11
312,11
313,11
314,11
315,11
316,11
317,11
318,11
319,11
320,11
321,11
322,11
323,11
324,11
325,11
326,11
327,11
328,12
329,11
330,11
331,11
332,11
333,11
334,11
335,11
336,11
337,11
338,11
339,11
340,11
341,11
342,11
343,11
344,11
345,11
346,11
347,11
348,11
349,11
350,11
351,11
352,11
353,11
354,11
355,11
356,11
357,11
358,11
359,11
360,11
361,11
362,11
363,11
364,11
365,11
366,11
367,11
368,11
369,11
370,11
371,11
372,11
373,11
374,11
375,11
376,11
377,11
378,11
379,11
380,12
381,11
382,11
383,6
384,6
385,11
386,11
387,11
388,11
389,11
390,11
391,11
392,11
393,11
394,11
395,11
396,11
397,11
398,11
399,11
400,11
401,11
402,11
403,11
404,11
405,11
406,11
407,11
408,11
409,11
410,11
411,11
412,11
413,11
414,11
415,11
416,11
417,11
418,11
419,11
420,11
421,11
422,11
423,11
424,11
425,11
426,11
427,11
428,11
429,11
430,11
431,11
432,11
433,11
434,11
435,11
436,11
437,11
438,11
439,11
440,11
441,11
442,11
443,11
444,11
445,11
446,11
447,11
448,11
449,11
450,11
451,11
452,11
453,11
454,11
455,11
456,11
457,11
458,11
459,11
460,11
461,11
462,11
463,11
464,11
465,11
466,11
467,11
468,11
469,11
470,11
471,11
472,11
473,11
474,11
475,11
476,11
477,11
478,11
479,11
480,11
481,11
482,11
483,11
484,11
485,11
486,11
487,11
488,11
489,11
490,11
491,11
492,11
493,11
494,11
495,11
496,11
497,11
498,11
499,11
500,11
501,11
502,11
503,11
504,11
505,11
506,11
507,11
508,11
509,11
510,11
511,11
512,11
513,11
514,11
515,11
516,11
517,11
518,11
519,11
520,11
521,11
522,11
523,11
524,11
525,11
526,11
527,11
528,11
529,11
530,11
531,11
532,11
533,11
534,11
535,11
536,11
537,11
538,11
539,11
540,11
541,11
542,11
543,11
544,11
545,11
546,11
547,11
548,11
549,11
550,11
551,11
552,11
553,11
554,11
555,11
556,11
557,11
558,11
559,11
560,11
561,11
562,11
563,11
564,11
565,11
566,11
567,11
568,11
569,11
570,11
571,11
572,11
573,11
574,11
575,11
576,11
577,11
578,11
579,11
580,11
581,11
582,11
583,11
584,11
585,11
586,11
587,11
588,11
589,11
590,11
591,11
592,11
593,11
594,11
595,11
596,11
597,11
598,11
599,11
600,11
601,11
602,11
603,11
604,11
605,11
606,11
607,11
608,11
609,11
610,11
611,11
612,11
613,11
614,11
615,11
616,11
617,15
618,15
619,15
620,15
621,15
622,15
623,15
624,15
625,15
626,15
627,15
628,15
629,15
630,15
631,15
632,15
633,15
634,15
635,15
636,15
637,15
638,15
639,15
640,15
641,15
642,15
643,15
644,15
645,15
646,15
647,15
648,15
649,15
650,15
651,15
652,15
653,15
654,15
655,15
656,15
657,15
658,15
659,15
660,15
661,15
662,15
663,15
664,15
665,15
666,15
667,15
668,15
669,15
670,15
671,15
672,15
673,15
674,15
675,15
676,15
677,15
678,15
679,15
680,15
681,15
682,15
683,15
684,15
685,15
686,15
687,15
688,15
689,15
690,15
691,15
692,15
693,15
694,15
695,15
696,15
697,15
698,15
699,15
700,15
701,15
702,15
703,15
704,15
705,15
706,15
707,15
708,15
709,15
710,15
711,15
712,15
713,15
714,15
715,15
716,15
717,15
718,15
719,15
720,15
721,15
722,15
723,15
724,15
725,15
726,15
727,15
728,15
729,15
730,15
731,15
732,15
733,15
734,15
735,15
736,15
737,15
738,15
739,15
740,15
741,15
742,15
743,15
744,15
745,15
746,15
747,15
748,15
749,15
750,15
751,15
752,15
753,15
754,15
755,15
756,15
757,15
758,15
759,15
760,15
761,15
762,15
763,15
764,15
765,15
766,15
767,15
768,15
769,15
770,15
771,15
772,15
773,15
774,15
775,15
776,15
777,15
778,15
779,15
780,15
781,15
782,15
783,15
784,15
785,15
786,15
787,15
788,15
789,15
790,15
791,15
792,15
793,15
794,15
795,15
796,15
797,15
798,15
799,15
800,15
801,15
802,15
803,15
804,15
805,15
806,15
807,15
808,15
809,15
810,15
811,15
812,15
813,15
814,15
815,15
816,15
817,15
818,15
819,15
820,15
821,15
822,15
823,15
824,15
825,15
826,15
827,15
828,15
829,15
830,15
831,15
832,15
833,15
834,15
835,15
836,15
837,15
838,15
839,15
840,15
841,15
842,15
843,15
844,15
845,15
846,15
847,15
848,15
849,15
850,15
851,15
852,15
853,15
854,15
855,15
856,15
857,15
858,15
859,15
860,15
861,15
862,15
863,15
864,15
865,15
866,15
867,15
868,15
869,15
870,15
871,15
872,15
873,15
874,15
875,15
876,15
877,15
878,15
879,15
880,15
881,15
882,15
883,15
884,15
885,15
886,15
887,15
888,15
889,15
890,15
891,15
892,15
893,15
894,15
895,15
896,15
897,15
898,15
899,15
900,15
901,15
902,15
903,15
904,15
905,15
906,15
907,15
908,15
909,15
910,15
911,15
912,15
913,15
914,15
915,15
916,15
917,15
918,15
919,15
920,15
921,15
922,15
923,15
924,15
925,15
926,15
927,15
928,15
929,15
930,15
931,10
932,10
933,10
934,10
935,10
936,10
937,10
938,10
939,10
940,10
941,10
942,10
943,10
944,10
945,10
946,10
947,10
948,10
949,10
950,10
951,10
952,10
953,10
954,10
955,10
956,10
957,10
958,10
959,10
960,10
961,10
962,10
963,10
964,10
965,10
966,10
967,10
968,10
969,10
970,10
971,10
972,10
973,10
974,10
975,10
976,10
977,10
978,10
979,10
980,10
981,10
982,10
983,10
984,10
985,10
986,10
987,10
988,10
989,10
990,10
991,10
992,10
993,10
994,10
995,10
996,10
997,10
998,10
999,10
1000,10
1001,10
1002,10
1003,10
1004,10
1005,10
1006,10
1007,10
1008,10
1009,10
1010,10
1011,10
1012,10
1013,10
1014,10
1015,10
1016,10
1017,10
1018,10
1019,10
1020,10
1021,10
1022,10
1023,10
1024,10
1025,10
1026,10
1027,10
1028,10
1029,10
1030,10
1031,10
1032,10
1033,10
1034,10
1035,10
1036,10
1037,10
1038,10
1039,10
1040,10
1041,8
1042,10
1043,10
1044,10
1045,10
1046,10
1047,10
1048,10
1049,10
1050,10
1051,10
1052,10
1053,10
1054,10
1055,10
1056,10
1057,10
1058,10
1059,10
1060,10
1061,10
1062,10
1063,10
1064,10
1065,10
1066,10
1067,10
1068,10
1069,10
1070,10
1071,10
1072,10
1073,10
1074,10
1075,10
1076,10
1077,10
1078,10
1079,10
1080,10
1081,10
1082,10
1083,10
1084,10
1085,10
1086,10
1087,10
1088,10
1089,10
1090,10
1091,10
1092,10
1093,10
1094,10
1095,10
1096,10
1097,10
1098,10
1099,10
1100,10
1101,10
1102,10
1103,10
1104,10
1105,10
1106,10
1107,10
1108,10
1109,10
1110,8
1111,10
1112,10
1113,10
1114,10
1115,10
1116,10
1117,10
1118,10
1119,10
1120,10
1121,10
1122,10
1123,10
1124,10
1125,10
1126,10
1127,10
1128,10
1129,10
1130,10
1131,10
1132,10
1133,10
1134,10
1135,10
1136,10
1137,10
1138,10
1139,10
1140,10
1141,10
1142,10
1143,10
1144,10
1145,10
1146,10
1147,10
1148,10
1149,10
1150,10
1151,10
1152,10
1153,10
1154,10
1155,10
1156,10
1157,10
1158,10
1159,10
1160,10
1161,10
1162,10
1163,10
1164,10
1165,10
1166,10
1167,10
1168,10
1169,10
1170,10
1171,10
1172,10
1173,10
1174,10
1175,10
1176,10
1177,10
1178,10
1179,10
1180,10
1181,10
1182,10
1183,10
1184,10
1185,10
1186,10
1187,10
1188,10
1189,10
1190,10
1191,10
1192,10
1193,10
1194,10
1195,10
1196,10
1197,10
1198,10
1199,10
1200,10
1201,10
1202,10
1203,10
1204,10
1205,10
1206,10
1207,10
1208,10
1209,10
1210,10
1211,10
1212,10
1213,10
1214,10
1215,10
1216,10
1217,10
1218,10
1219,10
1220,10
1221,10
1222,10
1223,10
1224,10
1225,10
1226,10
1227,10
1228,10
1229,10
1230,10
1231,10
1232,10
1233,10
1234,10
1235,10
1236,10
1237,10
1238,10
1239,10
1240,10
1241,10
1242,10
1243,10
1244,10
1245,10
1246,10
1247,10
1248,10
1249,6
1250,6
1251,6
1252,6
1253,6
1254,6
1255,6
1256,6
1257,6
1258,6
1259,6
1260,6
1261,6
1262,6
1263,6
1264,6
1265,6
1266,6
1267,6
1268,6
1269,6
1270,6
1271,6
1272,6
1273,6
1274,6
1275,6
1276,6
1277,6
1278,6
1279,6
1280,6
1281,6
1282,6
1283,6
1284,6
1285,6
1286,6
1287,6
1288,6
1289,6
1290,6
1291,6
1292,6
1293,6
1294,6
1295,6
1296,6
1297,6
1298,6
1299,6
1300,6
1301,6
1302,6
1303,6
1304,6
1305,6
1306,6
1307,6
1308,6
1309,6
1310,6
1311,6
1312,6
1313,6
1314,6
1315,6
1316,6
1317,6
1318,6
1319,6
1320,6
1321,6
1322,6
1323,6
1324,6
1325,6
1326,6
1327,6
1328,6
1329,6
1330,6
1331,6
1332,6
1333,6
1334,6
1335,6
1336,6
1337,6
1338,6
1339,6
1340,6
1341,6
1342,6
1343,6
1344,6
1345,6
1346,6
1347,6
1348,6
1349,6
1350,6
1351,6
1352,6
1353,6
1354,6
1355,6
1356,6
1357,6
1358,6
1359,6
1360,6
1361,6
1362,6
1363,6
1364,6
1365,6
1366,6
1367,6
1368,6
1369,6
1370,6
1371,6
1372,6
1373,6
1374,6
1375,6
1376,6
1377,6
1378,6
1379,6
1380,6
1381,6
1382,6
1383,6
1384,6
1385,6
1386,6
1387,6
1388,6
1389,6
1390,6
1391,6
1392,6
1393,6
1394,6
1395,6
1396,6
1397,6
1398,6
1399,6
1400,6
1401,6
1402,6
1403,6
1404,6
1405,6
1406,6
1407,6
1408,6
1409,6
1410,6
1411,6
1412,6
1413,6
1414,6
1415,6
1416,6
1417,6
1418,6
1419,6
1420,6
1421,6
1422,6
1423,6
1424,6
1425,6
1426,6
1427,6
1428,6
1429,6
1430,6
1431,6
1432,6
1433,6
1434,6
1435,6
1436,6
1437,6
1438,6
1439,6
1440,6
1441,6
1442,6
1443,6
1444,6
1445,6
1446,6
1447,6
1448,6
1449,6
1450,6
1451,6
1452,6
1453,6
1454,6
1455,6
1456,6
1457,6
1458,6
1459,6
1460,6
1461,6
1462,6
1463,6
1464,6
1465,6
1466,6
1467,6
1468,6
1469,6
1470,6
1471,6
1472,6
1473,6
1474,6
1475,6
1476,6
1477,6
1478,6
1479,6
1480,6
1481,6
1482,6
1483,6
1484,6
1485,6
1486,6
1487,6
1488,6
1489,6
1490,6
1491,6
1492,6
1493,6
1494,6
1495,6
1496,6
1497,6
1498,6
1499,6
1500,6
1501,6
1502,6
1503,6
1504,6
1505,6
1506,6
1507,6
1508,6
1509,6
1510,6
1511,6
1512,6
1513,6
1514,6
1515,6
1516,6
1517,6
1518,6
1519,6
1520,6
1521,6
1522,6
1523,6
1524,6
1525,6
1526,6
1527,6
1528,6
1529,6
1530,6
1531,6
1532,6
1533,6
1534,6
1535,6
1536,6
1537,6
1538,6
1539,6
1540,6
1541,6
1542,6
1543,6
1544,6
1545,6
1546,6
1547,6
1548,6
1549,6
1550,6
1551,6
1552,6
1553,6
1554,6
1555,6
1556,6
1557,6
1558,6
1559,6
1560,6
1561,6
1562,6
1563,6
1564,6
1565,6
1566,6
1567,6
1568,6
1569,6
1570,6
1571,6
1572,6
1573,6
1574,4
1575,4
1576,4
1577,4
1578,4
1579,4
1580,4
1581,4
1582,4
1583,4
1584,4
1585,4
1586,4
1587,4
1588,4
1589,4
1590,4
1591,4
1592,4
1593,4
1594,4
1595,4
1596,4
1597,4
1598,4
1599,4
1600,4
1601,4
1602,4
1603,4
1604,4
1605,4
1606,4
1607,4
1608,4
1609,4
1610,4
1611,4
1612,4
1613,4
1614,4
1615,4
1616,4
1617,4
1618,4
1619,4
1620,4
1621,4
1622,4
1623,4
1624,4
1625,4
1626,4
1627,4
1628,4
1629,4
1630,4
1631,4
1632,4
1633,4
1634,4
1635,4
1636,4
1637,4
1638,4
1639,4
1640,4
1641,4
1642,4
1643,4
1644,4
1645,4
1646,4
1647,4
1648,4
1649,4
1650,4
1651,4
1652,4
1653,4
1654,4
1655,4
1656,4
1657,4
1658,4
1659,4
1660,4
1661,4
1662,4
1663,4
1664,4
1665,4
1666,4
1667,4
1668,4
1669,4
1670,4
1671,4
1672,4
1673,4
1674,4
1675,4
1676,4
1677,4
1678,4
1679,4
1680,4
1681,4
1682,4
1683,4
1684,4
1685,4
1686,4
1687,4
1688,4
1689,4
1690,4
1691,4
1692,4
1693,4
1694,4
1695,4
1696,4
1697,4
1698,4
1699,4
1700,4
1701,4
1702,4
1703,4
1704,4
1705,4
1706,4
1707,4
1708,4
1709,4
1710,4
1711,4
1712,4
1713,4
1714,4
1715,4
1716,4
1717,4
1718,4
1719,4
1720,4
1721,4
1722,4
1723,4
1724,13
1725,4
1726,4
1727,4
1728,4
1729,4
1730,4
1731,4
1732,4
1733,4
1734,4
1735,4
1736,4
1737,4
1738,4
1739,4
1740,4
1741,4
1742,4
1743,4
1744,4
1745,4
1746,4
1747,4
1748,4
1749,4
1750,4
1751,4
1752,4
1753,4
1754,4
1755,4
1756,4
1757,4
1758,4
1759,4
1760,4
1761,4
1762,4
1763,4
1764,4
1765,4
1766,4
1767,4
1768,4
1769,4
1770,4
1771,4
1772,4
1773,4
1774,4
1775,4
1776,4
1777,4
1778,4
1779,4
1780,4
1781,4
1782,4
1783,4
1784,4
1785,4
1786,4
1787,4
1788,4
1789,4
1790,4
1791,4
1792,4
1793,4
1794,4
1795,4
1796,4
1797,4
1798,4
1799,4
1800,4
1801,4
1802,4
1803,4
1804,4
1805,4
1806,4
1807,4
1808,4
1809,4
1810,4
1811,4
1812,4
1813,4
1814,4
1815,4
1816,4
1817,4
1818,4
1819,4
1820,4
1821,4
1822,4
1823,4
1824,4
1825,4
1826,4
1827,4
1828,4
1829,4
1830,4
1831,4
1832,4
1833,4
1834,4
1835,4
1836,4
1837,4
1838,4
1839,4
1840,4
1841,4
1842,4
1843,4
1844,4
1845,4
1846,4
1847,4
1848,4
1849,4
1850,4
1851,4
1852,4
1853,4
1854,4
1855,4
1856,4
1857,4
1858,4
1859,4
1860,4
1861,4
1862,4
1863,4
1864,4
1865,4
1866,4
1867,4
1868,4
1869,4
1870,4
1871,4
1872,4
1873,4
1874,4
1875,4
1876,4
1877,4
1878,4
1879,4
1880,4
1881,4
1882,4
1883,4
1884,4
1885,4
1886,4
1887,4
1888,13
1889,4
1890,4
1891,4
1892,4
1893,4
1894,4
1895,4
1896,4
1897,4
1898,4
1899,4
1900,14
1901,14
1902,14
1903,14
1904,14
1905,14
1906,14
1907,14
1908,14
1909,14
1910,14
1911,14
1912,14
1913,14
1914,14
1915,14
1916,14
1917,14
1918,14
1919,14
1920,14
1921,14
1922,14
1923,14
1924,14
1925,14
1926,14
1927,14
1928,14
1929,14
1930,14
1931,14
1932,14
1933,14
1934,14
1935,14
1936,14
1937,14
1938,14
1939,14
1940,14
1941,14
1942,14
1943,14
1944,14
1945,14
1946,14
1947,14
1948,14
1949,14
1950,14
1951,14
1952,14
1953,14
1954,14
1955,14
1956,14
1957,14
1958,14
1959,14
1960,14
1961,14
1962,14
1963,14
1964,14
1965,14
1966,14
1967,14
1968,14
1969,14
1970,14
1971,14
1972,14
1973,14
1974,14
1975,14
1976,14
1977,14
1978,14
1979,14
1980,14
1981,14
1982,14
1983,14
1984,14
1985,14
1986,14
1987,14
1988,14
1989,14
1990,14
1991,14
1992,14
1993,14
1994,14
1995,14
1996,14
1997,14
1998,14
1999,14
2000,14
2001,14
2002,14
2003,14
2004,14
2005,14
2006,14
2007,14
2008,14
2009,14
2010,14
2011,14
2012,14
2013,14
2014,14
2015,14
2016,14
2017,14
2018,14
2019,14
2020,14
2021,14
2022,14
2023,14
2024,14
2025,14
2026,14
2027,14
2028,14
2029,14
2030,14
2031,14
2032,14
2033,14
2034,14
2035,14
2036,14
2037,14
2038,14
2039,14
2040,14
2041,14
2042,14
2043,14
2044,14
2045,14
2046,14
2047,14
2048,14
2049,14
2050,14
2051,14
2052,14
2053,14
2054,14
2055,14
2056,14
2057,14
2058,14
2059,14
2060,14
2061,14
2062,14
2063,14
2064,14
2065,14
2066,14
2067,14
2068,14
2069,14
2070,14
2071,14
2072,14
2073,14
2074,14
2075,14
2076,14
2077,14
2078,14
2079,14
2080,14
2081,14
2082,14
2083,14
2084,14
2085,14
2086,14
2087,14
2088,14
2089,14
2090,14
2091,14
2092,14
2093,14
2094,14
2095,14
2096,14
2097,14
2098,14
2099,14
2100,14
2101,14
2102,14
2103,14
2104,14
2105,14
2106,14
2107,14
2108,14
2109,14
2110,14
2111,14
2112,14
2113,14
2114,14
2115,14
2116,14
2117,14
2118,14
2119,14
2120,14
2121,14
2122,14
2123,14
2124,14
2125,14
2126,14
2127,14
2128,14
2129,14
2130,14
2131,14
2132,14
2133,14
2134,14
2135,14
2136,14
2137,14
2138,14
2139,14
2140,14
2141,14
2142,14
2143,14
2144,14
2145,14
2146,14
2147,14
2148,14
2149,14
2150,14
2151,14
2152,14
2153,14
2154,14
2155,14
2156,14
2157,14
2158,14
2159,14
2160,14
2161,14
2162,14
2163,14
2164,14
2165,14
2166,14
2167,14
2168,14
2169,14
2170,14
2171,14
2172,14
2173,14
2174,14
2175,14
2176,14
2177,14
2178,14
2179,14
2180,14
2181,14
2182,14
2183,14
2184,14
2185,14
2186,14
2187,14
2188,14
2189,14
2190,14
2191,14
2192,14
2193,14
2194,14
2195,14
2196,14
2197,14
2198,14
2199,14
2200,13
2201,14
2202,14
2203,14
2204,14
2205,14
2206,14
2207,14
2208,14
2209,14
2210,14
2211,14
2212,14
2213,14
2214,14
2215,14
2216,14
2217,14
2218,14
2219,14
2220,14
2221,14
2222,14
2223,14
2224,14
2225,14
2226,14
2227,14
2228,14
2229,14
2230,14
2231,14
2232,14
2233,14
2234,3
2235,3
2236,3
2237,3
2238,3
2239,3
2240,3
2241,3
2242,3
2243,3
2244,3
2245,3
2246,3
2247,3
2248,3
2249,3
2250,3
2251,3
2252,3
2253,3
2254,3
2255,3
2256,3
2257,3
2258,3
2259,3
2260,3
2261,3
2262,3
2263,3
2264,3
2265,3
2266,3
2267,3
2268,3
2269,3
2270,3
2271,3
2272,3
2273,3
2274,3
2275,3
2276,3
2277,3
2278,3
2279,3
2280,3
2281,3
2282,3
2283,3
2284,3
2285,3
2286,3
2287,3
2288,3
2289,3
2290,3
2291,3
2292,3
2293,3
2294,3
2295,3
2296,3
2297,3
2298,3
2299,3
2300,3
2301,3
2302,3
2303,3
2304,3
2305,3
2306,3
2307,3
2308,3
2309,3
2310,3
2311,3
2312,3
2313,3
2314,3
2315,3
2316,3
2317,3
2318,3
2319,3
2320,3
2321,3
2322,3
2323,3
2324,3
2325,3
2326,3
2327,3
2328,3
2329,3
2330,3
2331,3
2332,3
2333,11
2334,3
2335,3
2336,3
2337,3
2338,3
2339,3
2340,3
2341,3
2342,3
2343,3
2344,3
2345,3
2346,3
2347,3
2348,3
2349,3
2350,3
2351,3
2352,3
2353,3
2354,3
2355,3
2356,3
2357,3
2358,3
2359,3
2360,3
2361,3
2362,3
2363,3
2364,3
2365,3
2366,3
2367,3
2368,3
2369,3
2370,3
2371,9
2372,3
2373,3
2374,3
2375,3
2376,3
2377,3
2378,3
2379,3
2380,3
2381,3
2382,3
2383,3
2384,3
2385,3
2386,3
2387,3
2388,3
2389,3
2390,3
2391,3
2392,3
2393,3
2394,3
2395,3
2396,3
2397,3
2398,3
2399,3
2400,3
2401,3
2402,3
2403,3
2404,3
2405,3
2406,3
2407,3
2408,3
2409,3
2410,3
2411,3
2412,3
2413,3
2414,3
2415,3
2416,3
2417,3
2418,3
2419,3
2420,3
2421,3
2422,3
2423,3
2424,3
2425,3
2426,3
2427,3
2428,3
2429,3
2430,3
2431,3
2432,3
2433,3
2434,3
2435,3
2436,3
2437,3
2438,3
2439,3
2440,3
2441,3
2442,3
2443,3
2444,3
2445,3
2446,3
2447,3
2448,3
2449,3
2450,3
2451,3
2452,3
2453,3
2454,3
2455,3
2456,3
2457,3
2458,3
2459,3
2460,11
2461,3
2462,3
2463,3
2464,3
2465,3
2466,3
2467,3
2468,3
2469,3
2470,3
2471,3
2472,3
2473,3
2474,3
2475,3
2476,9
2477,3
2478,3
2479,3
2480,3
2481,3
2482,3
2483,3
2484,3
2485,3
2486,3
2487,3
2488,3
2489,3
2490,3
2491,3
2492,3
2493,3
2494,3
2495,3
2496,3
2497,3
2498,3
2499,3
2500,3
2501,3
2502,3
2503,3
2504,11
2505,3
2506,3
2507,3
2508,3
2509,3
2510,3
2511,3
2512,3
2513,3
2514,3
2515,3
2516,3
2517,3
2518,3
2519,3
2520,3
2521,3
2522,3
2523,3
2524,3
2525,3
2526,3
2527,3
2528,3
2529,3
2530,3
2531,3
2532,3
2533,3
2534,3
2535,3
2536,3
2537,3
2538,11
2539,3
2540,3
2541,3
2542,3
2543,3
2544,3
2545,3
2546,3
2547,3
2548,3
2549,3
2550,3
2551,3
2552,3
2553,3
2554,3
2555,3
2556,3
2557,3
2558,3
2559,3
2560,3
2561,3
2562,3
2563,3
2564,3
2565,3
2566,3
2567,3
2568,3
2569,3
2570,3
2571,3
2572,7
2573,7
2574,7
2575,7
2576,7
2577,7
2578,7
2579,7
2580,7
2581,7
2582,7
2583,7
2584,7
2585,7
2586,7
2587,7
2588,7
2589,7
2590,7
2591,7
2592,7
2593,7
2594,7
2595,7
2596,7
2597,7
2598,7
2599,7
2600,7
2601,7
2602,7
2603,7
2604,7
2605,7
2606,7
2607,7
2608,7
2609,7
2610,7
2611,7
2612,7
2613,7
2614,7
2615,7
2616,7
2617,7
2618,7
2619,7
2620,7
2621,7
2622,7
2623,7
2624,7
2625,7
2626,7
2627,7
2628,7
2629,7
2630,7
2631,7
2632,7
2633,7
2634,7
2635,7
2636,7
2637,7
2638,7
2639,7
2640,7
2641,7
2642,7
2643,7
2644,7
2645,7
2646,7
2647,7
2648,7
2649,7
2650,7
2651,7
2652,7
2653,7
2654,7
2655,7
2656,7
2657,7
2658,7
2659,7
2660,7
2661,7
2662,7
2663,7
2664,7
2665,7
2666,7
2667,7
2668,7
2669,7
2670,7
2671,7
2672,7
2673,7
2674,7
2675,7
2676,7
2677,7
2678,7
2679,7
2680,7
2681,7
2682,7
2683,7
2684,7
2685,7
2686,7
2687,7
2688,7
2689,7
2690,7
2691,7
2692,7
2693,7
2694,7
2695,7
2696,7
2697,7
2698,7
2699,7
2700,7
2701,7
2702,7
2703,7
2704,7
2705,7
2706,7
2707,7
2708,7
2709,7
2710,7
2711,7
2712,7
2713,7
2714,7
2715,7
2716,7
2717,7
2718,7
2719,7
2720,7
2721,7
2722,7
2723,7
2724,7
2725,7
2726,7
2727,7
2728,7
2729,7
2730,7
2731,7
2732,7
2733,7
2734,7
2735,7
2736,7
2737,7
2738,7
2739,7
2740,7
2741,7
2742,7
2743,7
2744,7
2745,7
2746,7
2747,7
2748,7
2749,7
2750,7
2751,7
2752,7
2753,7
2754,7
2755,7
2756,7
2757,7
2758,7
2759,7
2760,7
2761,7
2762,7
2763,7
2764,7
2765,7
2766,7
2767,7
2768,7
2769,7
2770,7
2771,7
2772,7
2773,7
2774,7
2775,7
2776,7
2777,7
2778,7
2779,7
2780,7
2781,7
2782,7
2783,7
2784,7
2785,7
2786,7
2787,7
2788,7
2789,7
2790,7
2791,7
2792,7
2793,7
2794,7
2795,7
2796,7
2797,7
2798,7
2799,7
2800,7
2801,7
2802,7
2803,7
2804,7
2805,7
2806,7
2807,7
2808,7
2809,7
2810,7
2811,7
2812,7
2813,7
2814,7
2815,7
2816,7
2817,7
2818,7
2819,7
2820,7
2821,7
2822,7
2823,7
2824,7
2825,7
2826,7
2827,7
2828,7
2829,7
2830,7
2831,7
2832,7
2833,7
2834,7
2835,7
2836,7
2837,7
2838,7
2839,7
2840,7
2841,7
2842,7
2843,7
2844,7
2845,7
2846,7
2847,7
2848,7
2849,7
2850,7
2851,7
2852,7
2853,7
2854,7
2855,7
2856,7
2857,7
2858,7
2859,7
2860,7
2861,7
2862,7
2863,7
2864,7
2865,7
2866,7
2867,7
2868,7
2869,7
2870,7
2871,7
2872,7
2873,7
2874,7
2875,7
2876,7
2877,7
2878,7
2879,7
2880,7
2881,7
2882,7
2883,7
2884,7
2885,7
2886,7
2887,7
2888,7
2889,7
2890,7
2891,7
2892,7
2893,7
2894,7
2895,7
2896,7
2897,7
2898,7
2899,7
2900,7
2901,7
2902,7
2903,7
2904,7
2905,7
2906,7
2907,7
2908,7
2909,7
2910,7
2911,7
2912,7
2913,1
2914,1
2915,1
2916,1
2917,1
2918,1
2919,1
2920,1
2921,1
2922,1
2923,1
2924,1
2925,1
2926,1
2927,1
2928,1
2929,1
2930,1
2931,1
2932,1
2933,1
2934,1
2935,1
2936,1
2937,1
2938,1
2939,1
2940,1
2941,1
2942,1
2943,1
2944,1
2945,1
2946,1
2947,1
2948,1
2949,1
2950,1
2951,1
2952,1
2953,1
2954,1
2955,1
2956,1
2957,1
2958,1
2959,1
2960,1
2961,1
2962,1
2963,1
2964,1
2965,1
2966,1
2967,1
2968,1
2969,1
2970,1
2971,1
2972,1
2973,1
2974,1
2975,1
2976,1
2977,1
2978,1
2979,1
2980,1
2981,1
2982,1
2983,1
2984,1
2985,1
2986,1
2987,1
2988,1
2989,1
2990,1
2991,1
2992,1
2993,1
2994,1
2995,1
2996,1
2997,1
2998,1
2999,1
3000,1
3001,1
3002,1
3003,1
3004,1
3005,1
3006,1
3007,1
3008,1
3009,1
3010,1
3011,1
3012,1
3013,1
3014,2
3015,1
3016,1
3017,1
3018,1
3019,1
3020,1
3021,1
3022,1
3023,1
3024,1
3025,1
3026,1
3027,1
3028,1
3029,1
3030,1
3031,1
3032,1
3033,1
3034,1
3035,1
3036,1
3037,1
3038,1
3039,1
3040,1
3041,1
3042,1
3043,1
3044,1
3045,1
3046,1
3047,1
3048,1
3049,1
3050,1
3051,1
3052,1
3053,1
3054,1
3055,1
3056,1
3057,1
3058,1
3059,1
3060,1
3061,1
3062,1
3063,1
3064,1
3065,1
3066,1
3067,1
3068,1
3069,1
3070,1
3071,1
3072,1
3073,1
3074,1
3075,1
3076,1
3077,1
3078,1
3079,1
3080,1
3081,1
3082,2
3083,1
3084,1
3085,1
3086,1
3087,1
3088,1
3089,1
3090,1
3091,1
3092,1
3093,1
3094,1
3095,1
3096,1
3097,1
3098,1
3099,1
3100,1
3101,1
3102,1
3103,1
3104,1
3105,1
3106,1
3107,1
3108,1
3109,1
3110,1
3111,1
3112,1
3113,1
3114,1
3115,1
3116,1
3117,1
3118,1
3119,1
3120,1
3121,1
3122,1
3123,1
3124,1
3125,1
3126,1
3127,1
3128,1
3129,1
3130,1
3131,1
3132,1
3133,1
3134,1
3135,1
3136,2
3137,1
3138,1
3139,1
3140,1
3141,1
3142,1
3143,1
3144,1
3145,1
3146,1
3147,1
3148,1
3149,1
3150,1
3151,1
3152,1
3153,1
3154,1
3155,1
3156,1
3157,1
3158,1
3159,1
3160,1
3161,1
3162,1
3163,1
3164,1
3165,1
3166,1
3167,1
3168,1
3169,1
3170,1
3171,1
3172,1
3173,1
3174,1
3175,1
3176,1
3177,1
3178,1
3179,1
3180,1
3181,1
3182,1
3183,1
3184,1
3185,1
3186,1
3187,1
3188,1
3189,1
3190,1
3191,1
3192,1
3193,1
3194,1
3195,1
3196,1
3197,1
3198,1
3199,1
3200,1
3201,1
3202,1
3203,1
3204,1
3205,1
3206,1
3207,1
3208,1
3209,1
3210,1
3211,1
3212,1
3213,1
3214,1
3215,1
3216,1
3217,1
3218,1
3219,1
3220,1
3221,1
3222,1
3223,1
3224,1
3225,1
3226,1
3227,1
3228,1
3229,1
3230,1
3231,1
3232,1
3233,1
3234,1
3235,1
3236,1
3237,1
3238,1
3239,1
3240,1
3241,1
3242,1
3243,1
3244,1
3245,1
3246,1
3247,1
3248,1
3249,1
3250,1
3251,1
3252,1
3253,1
3254,1
3255,13
3256,13
3257,13
3258,13
3259,13
3260,13
3261,13
3262,13
3263,13
3264,13
3265,13
3266,13
3267,13
3268,13
3269,13
3270,13
3271,13
3272,13
3273,13
3274,13
3275,13
3276,13
3277,13
3278,13
3279,13
3280,13
3281,13
3282,13
3283,13
3284,13
3285,13
3286,13
3287,13
3288,13
3289,13
3290,13
3291,13
3292,13
3293,13
3294,13
3295,13
3296,13
3297,13
3298,13
3299,13
3300,13
3301,13
3302,13
3303,13
3304,13
3305,13
3306,13
3307,13
3308,13
3309,13
3310,13
3311,13
3312,13
3313,13
3314,13
3315,13
3316,13
3317,13
3318,13
3319,13
3320,13
3321,13
3322,13
3323,13
3324,13
3325,13
3326,13
3327,13
3328,13
3329,13
3330,13
3331,13
3332,13
3333,13
3334,13
3335,13
3336,13
3337,13
3338,13
3339,13
3340,13
3341,13
3342,13
3343,13
3344,13
3345,13
3346,13
3347,13
3348,13
3349,13
3350,13
3351,13
3352,13
3353,13
3354,13
3355,13
3356,13
3357,13
3358,13
3359,13
3360,13
3361,13
3362,13
3363,13
3364,13
3365,13
3366,13
3367,13
3368,13
3369,13
3370,13
3371,13
3372,13
3373,13
3374,13
3375,13
3376,13
3377,13
3378,13
3379,13
3380,13
3381,13
3382,4
3383,13
3384,13
3385,13
3386,13
3387,13
3388,13
3389,13
3390,13
3391,13
3392,13
3393,13
3394,13
3395,13
3396,13
3397,13
3398,13
3399,13
3400,13
3401,13
3402,13
3403,13
3404,13
3405,13
3406,13
3407,13
3408,13
3409,13
3410,13
3411,13
3412,13
3413,13
3414,13
3415,13
3416,13
3417,13
3418,13
3419,13
3420,4
3421,13
3422,13
3423,13
3424,13
3425,13
3426,13
3427,13
3428,13
3429,13
3430,13
3431,13
3432,13
3433,13
3434,13
3435,13
3436,13
3437,13
3438,13
3439,13
3440,13
3441,4
3442,13
3443,13
3444,13
3445,13
3446,13
3447,13
3448,13
3449,13
3450,13
3451,13
3452,13
3453,13
3454,13
3455,13
3456,13
3457,13
3458,13
3459,13
3460,13
3461,13
3462,13
3463,13
3464,13
3465,13
3466,13
3467,13
3468,13
3469,13
3470,13
3471,13
3472,13
3473,13
3474,13
3475,13
3476,13
3477,13
3478,13
3479,13
3480,13
3481,13
3482,13
3483,13
3484,13
3485,13
3486,13
3487,13
3488,13
3489,13
3490,13
3491,13
3492,13
3493,13
3494,13
3495,13
3496,13
3497,13
3498,13
3499,13
3500,13
3501,13
3502,13
3503,13
3504,13
3505,13
3506,13
3507,13
3508,13
3509,13
3510,13
3511,13
3512,13
3513,13
3514,13
3515,13
3516,13
3517,13
3518,13
3519,13
3520,13
3521,13
3522,13
3523,13
3524,13
3525,13
3526,13
3527,13
3528,13
3529,13
3530,13
3531,13
3532,13
3533,13
3534,13
3535,13
3536,13
3537,13
3538,13
3539,13
3540,13
3541,13
3542,13
3543,13
3544,13
3545,13
3546,13
3547,13
3548,13
3549,13
3550,13
3551,13
3552,13
3553,13
3554,13
3555,13
3556,13
3557,13
3558,13
3559,13
3560,13
3561,13
3562,4
3563,13
3564,13
3565,13
3566,13
3567,13
3568,13
3569,13
3570,13
3571,13
3572,13
3573,13
3574,13
3575,13
3576,13
3577,13
3578,13
3579,13
3580,13
3581,13
3582,4
3583,13
3584,13
3585,13
3586,13
3587,13
3588,13
3589,13
3590,13
3591,13
3592,13
3593,13
3594,13
3595,13
3596,13
3597,13
3598,13
3599,13
3600,13
3601,13
3602,2
3603,2
3604,2
3605,2
3606,2
3607,2
3608,2
3609,2
3610,2
3611,2
3612,2
3613,2
3614,2
3615,2
3616,2
3617,2
3618,2
3619,2
3620,2
3621,2
3622,2
3623,2
3624,2
3625,2
3626,1
3627,2
3628,2
3629,2
3630,2
3631,2
3632,2
3633,2
3634,2
3635,2
3636,2
3637,2
3638,2
3639,2
3640,2
3641,2
3642,2
3643,2
3644,2
3645,2
3646,2
3647,2
3648,2
3649,2
3650,2
3651,2
3652,2
3653,2
3654,2
3655,2
3656,2
3657,2
3658,2
3659,2
3660,2
3661,2
3662,2
3663,2
3664,2
3665,2
3666,2
3667,2
3668,2
3669,2
3670,2
3671,2
3672,2
3673,2
3674,2
3675,2
3676,2
3677,2
3678,2
3679,2
3680,2
3681,2
3682,2
3683,2
3684,2
3685,2
3686,2
3687,2
3688,2
3689,2
3690,2
3691,2
3692,2
3693,2
3694,2
3695,2
3696,2
3697,2
3698,2
3699,2
3700,2
3701,2
3702,2
3703,2
3704,2
3705,2
3706,2
3707,2
3708,2
3709,2
3710,2
3711,2
3712,2
3713,2
3714,2
3715,2
3716,2
3717,2
3718,2
3719,2
3720,2
3721,2
3722,2
3723,2
3724,2
3725,2
3726,2
3727,2
3728,2
3729,2
3730,2
3731,2
3732,2
3733,2
3734,2
3735,2
3736,2
3737,2
3738,2
3739,2
3740,2
3741,2
3742,2
3743,2
3744,2
3745,2
3746,2
3747,2
3748,2
3749,2
3750,2
3751,2
3752,2
3753,2
3754,2
3755,2
3756,2
3757,2
3758,2
3759,2
3760,2
3761,2
3762,2
3763,2
3764,2
3765,2
3766,2
3767,2
3768,2
3769,2
3770,2
3771,2
3772,2
3773,2
3774,2
3775,2
3776,2
3777,2
3778,2
3779,2
3780,2
3781,2
3782,2
3783,2
3784,2
3785,2
3786,2
3787,2
3788,2
3789,2
3790,2
3791,2
3792,2
3793,2
3794,2
3795,2
3796,2
3797,2
3798,2
3799,2
3800,2
3801,2
3802,2
3803,2
3804,2
3805,2
3806,2
3807,2
3808,2
3809,2
3810,2
3811,2
3812,2
3813,2
3814,2
3815,2
3816,2
3817,2
3818,2
3819,2
3820,2
3821,2
3822,2
3823,2
3824,2
3825,2
3826,2
3827,2
3828,2
3829,2
3830,2
3831,2
3832,2
3833,2
3834,2
3835,2
3836,2
3837,2
3838,2
3839,2
3840,2
3841,2
3842,2
3843,2
3844,2
3845,2
3846,2
3847,2
3848,2
3849,2
3850,2
3851,2
3852,2
3853,2
3854,2
3855,2
3856,2
3857,2
3858,2
3859,2
3860,2
3861,2
3862,2
3863,2
3864,2
3865,2
3866,2
3867,2
3868,2
3869,2
3870,2
3871,2
3872,2
3873,2
3874,2
3875,2
3876,2
3877,2
3878,2
3879,2
3880,2
3881,2
3882,2
3883,2
3884,2
3885,2
3886,2
3887,2
3888,2
3889,2
3890,2
3891,2
3892,2
3893,2
3894,2
3895,2
3896,2
3897,2
3898,2
3899,2
3900,2
3901,2
3902,2
3903,2
3904,2
3905,2
3906,2
3907,2
3908,2
3909,2
3910,2
3911,2
3912,2
3913,2
3914,2
3915,2
3916,2
3917,2
3918,2
3919,2
3920,2
3921,2
3922,2
3923,2
3924,2
3925,2
3926,2
3927,2
3928,2
3929,2
3930,2
3931,2
3932,2
3933,2
3934,2
3935,2
3936,2
3937,2
3938,2
3939,2
3940,2
3941,2
3942,2
3943,2
3944,2
3945,2
3946,2
3947,2
3948,2
3949,2
3950,2
3951,9
3952,9
3953,9
3954,9
3955,9
3956,9
3957,9
3958,9
3959,9
3960,9
3961,9
3962,9
3963,9
3964,9
3965,9
3966,9
3967,9
3968,9
3969,9
3970,9
3971,9
3972,9
3973,9
3974,9
3975,9
3976,9
3977,9
3978,9
3979,9
3980,9
3981,9
3982,9
3983,9
3984,9
3985,9
3986,9
3987,9
3988,9
3989,9
3990,9
3991,9
3992,9
3993,9
3994,9
3995,9
3996,9
3997,9
3998,9
3999,9
4000,9
4001,9
4002,9
4003,9
4004,9
4005,9
4006,9
4007,9
4008,9
4009,9
4010,9
4011,9
4012,9
4013,9
4014,9
4015,9
4016,9
4017,9
4018,9
4019,9
4020,9
4021,9
4022,9
4023,9
4024,9
4025,9
4026,9
4027,9
4028,9
4029,9
4030,9
4031,9
4032,9
4033,9
4034,9
4035,9
4036,9
4037,9
4038,9
4039,9
4040,9
4041,9
4042,9
4043,14
4044,9
4045,9
4046,9
4047,9
4048,9
4049,9
4050,9
4051,9
4052,9
4053,9
4054,9
4055,9
4056,9
4057,9
4058,9
4059,9
4060,9
4061,9
4062,9
4063,9
4064,9
4065,9
4066,9
4067,9
4068,9
4069,9
4070,9
4071,9
4072,9
4073,9
4074,9
4075,9
4076,9
4077,9
4078,9
4079,9
4080,9
4081,9
4082,9
4083,9
4084,9
4085,9
4086,9
4087,9
4088,9
4089,9
4090,9
4091,9
4092,9
4093,9
4094,9
4095,9
4096,9
4097,9
4098,9
4099,9
4100,9
4101,9
4102,9
4103,9
4104,9
4105,9
4106,9
4107,9
4108,9
4109,9
4110,9
4111,9
4112,9
4113,9
4114,9
4115,9
4116,9
4117,9
4118,9
4119,9
4120,9
4121,9
4122,9
4123,9
4124,9
4125,9
4126,9
4127,9
4128,9
4129,9
4130,9
4131,9
4132,9
4133,9
4134,9
4135,9
4136,9
4137,9
4138,9
4139,9
4140,9
4141,9
4142,9
4143,9
4144,9
4145,9
4146,9
4147,9
4148,9
4149,9
4150,9
4151,9
4152,9
4153,9
4154,9
4155,9
4156,9
4157,9
4158,9
4159,9
4160,9
4161,9
4162,9
4163,9
4164,9
4165,9
4166,9
4167,9
4168,9
4169,9
4170,9
4171,9
4172,9
4173,9
4174,9
4175,9
4176,9
4177,9
4178,9
4179,9
4180,9
4181,9
4182,9
4183,9
4184,9
4185,9
4186,9
4187,9
4188,9
4189,9
4190,9
4191,9
4192,9
4193,9
4194,9
4195,9
4196,9
4197,9
4198,9
4199,9
4200,9
4201,9
4202,9
4203,9
4204,9
4205,9
4206,9
4207,9
4208,9
4209,9
4210,9
4211,9
4212,9
4213,9
4214,9
4215,9
4216,9
4217,9
4218,9
4219,9
4220,9
4221,9
4222,9
4223,9
4224,9
4225,9
4226,9
4227,9
4228,9
4229,9
4230,9
4231,9
4232,9
4233,9
4234,9
4235,9
4236,9
4237,9
4238,9
4239,9
4240,9
4241,9
4242,9
4243,9
4244,9
4245,9
4246,9
4247,9
4248,9
4249,9
4250,9
4251,9
4252,9
4253,9
4254,9
4255,9
4256,9
4257,9
4258,9
4259,9
4260,9
4261,9
4262,9
4263,9
4264,9
4265,9
4266,9
4267,9
4268,9
4269,9
4270,9
4271,9
4272,9
4273,9
4274,9
4275,9
4276,9
4277,9
4278,9
4279,9
4280,9
4281,9
4282,9
4283,9
4284,9
4285,9
4286,9
4287,9
4288,9
4289,9
4290,9
4291,9
4292,9
4293,9
4294,9
4295,9
4296,9
4297,9
4298,9
4299,9
4300,9
4301,12
4302,12
4303,12
4304,12
4305,12
4306,12
4307,12
4308,12
4309,12
4310,12
4311,12
4312,12
4313,12
4314,12
4315,12
4316,12
4317,12
4318,12
4319,12
4320,12
4321,12
4322,12
4323,12
4324,12
4325,12
4326,10
4327,12
4328,12
4329,12
4330,12
4331,12
4332,12
4333,12
4334,12
4335,12
4336,12
4337,12
4338,12
4339,12
4340,12
4341,12
4342,12
4343,12
4344,12
4345,12
4346,12
4347,12
4348,12
4349,12
4350,12
4351,12
4352,12
4353,12
4354,12
4355,12
4356,12
4357,12
4358,12
4359,12
4360,12
4361,12
4362,12
4363,12
4364,12
4365,12
4366,12
4367,12
4368,12
4369,12
4370,12
4371,12
4372,12
4373,12
4374,12
4375,12
4376,12
4377,12
4378,12
4379,12
4380,12
4381,12
4382,12
4383,12
4384,12
4385,12
4386,12
4387,12
4388,12
4389,12
4390,12
4391,12
4392,12
4393,12
4394,12
4395,12
4396,12
4397,12
4398,12
4399,12
4400,12
4401,12
4402,12
4403,12
4404,12
4405,12
4406,12
4407,12
4408,12
4409,12
4410,12
4411,12
4412,10
4413,12
4414,12
4415,12
4416,12
4417,12
4418,12
4419,12
4420,12
4421,12
4422,12
4423,12
4424,12
4425,12
4426,12
4427,12
4428,12
4429,12
4430,12
4431,12
4432,12
4433,12
4434,12
4435,12
4436,12
4437,12
4438,12
4439,12
4440,12
4441,12
4442,12
4443,12
4444,12
4445,12
4446,12
4447,12
4448,12
4449,12
4450,12
4451,12
4452,12
4453,12
4454,12
4455,12
4456,12
4457,12
4458,12
4459,12
4460,12
4461,12
4462,12
4463,12
4464,12
4465,12
4466,12
4467,12
4468,12
4469,12
4470,12
4471,12
4472,12
4473,12
4474,12
4475,12
4476,12
4477,12
4478,12
4479,12
4480,12
4481,12
4482,12
4483,12
4484,12
4485,12
4486,12
4487,12
4488,12
4489,12
4490,12
4491,12
4492,12
4493,12
4494,12
4495,12
4496,12
4497,12
4498,12
4499,12
4500,12
4501,12
4502,12
4503,12
4504,12
4505,12
4506,12
4507,12
4508,12
4509,12
4510,12
4511,12
4512,12
4513,12
4514,12
4515,12
4516,12
4517,12
4518,12
4519,12
4520,12
4521,12
4522,12
4523,12
4524,12
4525,12
4526,12
4527,12
4528,12
4529,12
4530,12
4531,12
4532,12
4533,12
4534,12
4535,12
4536,12
4537,12
4538,12
4539,12
4540,12
4541,12
4542,12
4543,12
4544,12
4545,12
4546,12
4547,12
4548,12
4549,12
4550,12
4551,12
4552,12
4553,12
4554,12
4555,12
4556,12
4557,12
4558,12
4559,12
4560,12
4561,12
4562,12
4563,12
4564,12
4565,12
4566,12
4567,12
4568,12
4569,12
4570,12
4571,12
4572,12
4573,12
4574,12
4575,12
4576,12
4577,12
4578,12
4579,12
4580,12
4581,12
4582,12
4583,12
4584,12
4585,12
4586,12
4587,12
4588,12
4589,12
4590,12
4591,12
4592,12
4593,12
4594,12
4595,12
4596,12
4597,12
4598,12
4599,12
4600,12
4601,12
4602,12
4603,12
4604,12
4605,12
4606,12
4607,12
4608,12
4609,12
4610,12
4611,12
4612,12
4613,12
4614,12
4615,12
4616,10
4617,12
4618,12
4619,12
4620,12
4621,12
4622,12
4623,12
4624,12
4625,12
4626,12
4627,12
4628,12
4629,12
4630,12
4631,12
4632,12
4633,12
4634,12
4635,12
4636,12
4637,12
4638,12
4639,12
4640,12
4641,12
4642,12
4643,12
4644,12
4645,12
4646,12
4647,12
4648,12
4649,12
4650,12
4651,8
4652,8
4653,8
4654,8
4655,8
4656,8
4657,8
4658,8
4659,8
4660,8
4661,8
4662,8
4663,8
4664,8
4665,8
4666,8
4667,8
4668,8
4669,8
4670,8
4671,8
4672,8
4673,8
4674,8
4675,8
4676,8
4677,8
4678,8
4679,8
4680,8
4681,8
4682,8
4683,8
4684,8
4685,8
4686,8
4687,8
4688,8
4689,8
4690,8
4691,8
4692,8
4693,8
4694,8
4695,8
4696,8
4697,8
4698,8
4699,8
4700,8
4701,8
4702,8
4703,8
4704,8
4705,8
4706,8
4707,8
4708,8
4709,8
4710,8
4711,8
4712,8
4713,8
4714,8
4715,8
4716,8
4717,8
4718,8
4719,8
4720,8
4721,8
4722,8
4723,8
4724,8
4725,8
4726,8
4727,8
4728,8
4729,8
4730,8
4731,8
4732,8
4733,8
4734,8
4735,8
4736,8
4737,8
4738,8
4739,8
4740,8
4741,8
4742,8
4743,8
4744,8
4745,8
4746,8
4747,8
4748,8
4749,8
4750,8
4751,8
4752,8
4753,8
4754,8
4755,8
4756,8
4757,8
4758,8
4759,8
4760,8
4761,8
4762,8
4763,8
4764,8
4765,8
4766,8
4767,8
4768,8
4769,8
4770,8
4771,8
4772,8
4773,8
4774,8
4775,8
4776,8
4777,8
4778,8
4779,8
4780,8
4781,8
4782,8
4783,8
4784,8
4785,8
4786,8
4787,8
4788,8
4789,8
4790,8
4791,8
4792,8
4793,8
4794,8
4795,8
4796,8
4797,8
4798,8
4799,8
4800,8
4801,8
4802,8
4803,8
4804,8
4805,8
4806,8
4807,8
4808,8
4809,8
4810,8
4811,8
4812,8
4813,8
4814,8
4815,8
4816,8
4817,8
4818,8
4819,8
4820,8
4821,8
4822,8
4823,8
4824,8
4825,8
4826,8
4827,8
4828,8
4829,8
4830,8
4831,8
4832,8
4833,8
4834,8
4835,8
4836,8
4837,8
4838,8
4839,8
4840,8
4841,8
4842,8
4843,8
4844,8
4845,8
4846,8
4847,8
4848,8
4849,8
4850,8
4851,8
4852,8
4853,8
4854,8
4855,8
4856,8
4857,8
4858,8
4859,8
4860,8
4861,8
4862,8
4863,8
4864,8
4865,8
4866,8
4867,8
4868,8
4869,8
4870,8
4871,8
4872,8
4873,8
4874,8
4875,8
4876,8
4877,8
4878,8
4879,8
4880,8
4881,8
4882,8
4883,8
4884,8
4885,8
4886,8
4887,8
4888,8
4889,8
4890,8
4891,8
4892,8
4893,8
4894,8
4895,8
4896,8
4897,8
4898,8
4899,8
4900,8
4901,8
4902,8
4903,8
4904,8
4905,8
4906,8
4907,8
4908,8
4909,8
4910,8
4911,8
4912,8
4913,8
4914,8
4915,8
4916,8
4917,8
4918,8
4919,8
4920,8
4921,8
4922,8
4923,8
4924,8
4925,8
4926,8
4927,8
4928,8
4929,8
4930,8
4931,8
4932,8
4933,8
4934,8
4935,8
4936,8
4937,8
4938,8
4939,8
4940,8
4941,8
4942,8
4943,8
4944,8
4945,8
4946,8
4947,8
4948,8
4949,8
4950,8
4951,8
4952,8
4953,8
4954,8
4955,8
4956,8
4957,8
4958,8
4959,8
4960,8
4961,8
4962,8
4963,8
4964,8
4965,8
4966,8
4967,8
4968,8
4969,8
4970,8
4971,8
4972,8
4973,8
4974,8
4975,8
4976,8
4977,8
4978,8
4979,8
4980,8
4981,8
4982,8
4983,8
4984,8
4985,8
4986,8
4987,8
4988,8
4989,8
4990,8
4991,8
4992,8
4993,8
4994,8
4995,8
4996,8
4997,8
4998,8
4999,8
5000,8
